file,line,type,commit,author,date,time,timezone,datetime,depth,length
style.css,1,css,b89c3a2f,wwroxanne219,2026-04-03,16:26:05,-07:00,2026-04-03T16:26:05-07:00,0,42
style.css,2,css,b89c3a2f,wwroxanne219,2026-04-03,16:26:05,-07:00,2026-04-03T16:26:05-07:00,0,4
style.css,3,css,12312862,wwroxanne219,2026-04-17,16:32:57,-07:00,2026-04-17T16:32:57-07:00,2,23
style.css,4,css,12312862,wwroxanne219,2026-04-17,16:32:57,-07:00,2026-04-17T16:32:57-07:00,2,16
style.css,5,css,b89c3a2f,wwroxanne219,2026-04-03,16:26:05,-07:00,2026-04-03T16:26:05-07:00,2,58
style.css,6,css,b89c3a2f,wwroxanne219,2026-04-03,16:26:05,-07:00,2026-04-03T16:26:05-07:00,2,15
style.css,7,css,c3392e25,wwroxanne219,2026-04-10,18:42:01,-07:00,2026-04-10T18:42:01-07:00,2,15
style.css,8,css,c3392e25,wwroxanne219,2026-04-10,18:42:01,-07:00,2026-04-10T18:42:01-07:00,2,18
style.css,9,css,c3392e25,wwroxanne219,2026-04-10,18:42:01,-07:00,2026-04-10T18:42:01-07:00,2,12
style.css,10,css,b89c3a2f,wwroxanne219,2026-04-03,16:26:05,-07:00,2026-04-03T16:26:05-07:00,0,0
style.css,11,css,b89c3a2f,wwroxanne219,2026-04-03,16:26:05,-07:00,2026-04-03T16:26:05-07:00,0,0
style.css,12,css,b89c3a2f,wwroxanne219,2026-04-03,16:26:05,-07:00,2026-04-03T16:26:05-07:00,0,29
style.css,13,css,b89c3a2f,wwroxanne219,2026-04-03,16:26:05,-07:00,2026-04-03T16:26:05-07:00,0,2
style.css,14,css,b89c3a2f,wwroxanne219,2026-04-03,16:26:05,-07:00,2026-04-03T16:26:05-07:00,2,16
style.css,15,css,12312862,wwroxanne219,2026-04-17,16:32:57,-07:00,2026-04-17T16:32:57-07:00,2,19
style.css,16,css,12312862,wwroxanne219,2026-04-17,16:32:57,-07:00,2026-04-17T16:32:57-07:00,2,36
style.css,17,css,b89c3a2f,wwroxanne219,2026-04-03,16:26:05,-07:00,2026-04-03T16:26:05-07:00,2,19
style.css,18,css,b89c3a2f,wwroxanne219,2026-04-03,16:26:05,-07:00,2026-04-03T16:26:05-07:00,0,0
style.css,19,css,b89c3a2f,wwroxanne219,2026-04-03,16:26:05,-07:00,2026-04-03T16:26:05-07:00,0,0
style.css,20,css,b89c3a2f,wwroxanne219,2026-04-03,16:26:05,-07:00,2026-04-03T16:26:05-07:00,0,22
style.css,21,css,b89c3a2f,wwroxanne219,2026-04-03,16:26:05,-07:00,2026-04-03T16:26:05-07:00,0,2
style.css,22,css,b89c3a2f,wwroxanne219,2026-04-03,16:26:05,-07:00,2026-04-03T16:26:05-07:00,2,10
style.css,23,css,b89c3a2f,wwroxanne219,2026-04-03,16:26:05,-07:00,2026-04-03T16:26:05-07:00,2,15
style.css,24,css,12312862,wwroxanne219,2026-04-17,16:32:57,-07:00,2026-04-17T16:32:57-07:00,2,24
style.css,25,css,b89c3a2f,wwroxanne219,2026-04-03,16:26:05,-07:00,2026-04-03T16:26:05-07:00,2,16
style.css,26,css,b89c3a2f,wwroxanne219,2026-04-03,16:26:05,-07:00,2026-04-03T16:26:05-07:00,0,0
style.css,27,css,b89c3a2f,wwroxanne219,2026-04-03,16:26:05,-07:00,2026-04-03T16:26:05-07:00,0,0
style.css,28,css,b89c3a2f,wwroxanne219,2026-04-03,16:26:05,-07:00,2026-04-03T16:26:05-07:00,0,32
style.css,29,css,b89c3a2f,wwroxanne219,2026-04-03,16:26:05,-07:00,2026-04-03T16:26:05-07:00,0,3
style.css,30,css,12312862,wwroxanne219,2026-04-17,16:32:57,-07:00,2026-04-17T16:32:57-07:00,2,17
style.css,31,css,12312862,wwroxanne219,2026-04-17,16:32:57,-07:00,2026-04-17T16:32:57-07:00,2,37
style.css,32,css,b89c3a2f,wwroxanne219,2026-04-03,16:26:05,-07:00,2026-04-03T16:26:05-07:00,2,13
style.css,33,css,12312862,wwroxanne219,2026-04-17,16:32:57,-07:00,2026-04-17T16:32:57-07:00,2,14
style.css,34,css,b89c3a2f,wwroxanne219,2026-04-03,16:26:05,-07:00,2026-04-03T16:26:05-07:00,0,0
style.css,35,css,b89c3a2f,wwroxanne219,2026-04-03,16:26:05,-07:00,2026-04-03T16:26:05-07:00,0,0
style.css,36,css,b89c3a2f,wwroxanne219,2026-04-03,16:26:05,-07:00,2026-04-03T16:26:05-07:00,0,22
style.css,37,css,b89c3a2f,wwroxanne219,2026-04-03,16:26:05,-07:00,2026-04-03T16:26:05-07:00,0,1
style.css,38,css,12312862,wwroxanne219,2026-04-17,16:32:57,-07:00,2026-04-17T16:32:57-07:00,2,13
style.css,39,css,b89c3a2f,wwroxanne219,2026-04-03,16:26:05,-07:00,2026-04-03T16:26:05-07:00,2,20
style.css,40,css,b89c3a2f,wwroxanne219,2026-04-03,16:26:05,-07:00,2026-04-03T16:26:05-07:00,2,16
style.css,41,css,b89c3a2f,wwroxanne219,2026-04-03,16:26:05,-07:00,2026-04-03T16:26:05-07:00,2,28
style.css,42,css,b89c3a2f,wwroxanne219,2026-04-03,16:26:05,-07:00,2026-04-03T16:26:05-07:00,2,15
style.css,43,css,b89c3a2f,wwroxanne219,2026-04-03,16:26:05,-07:00,2026-04-03T16:26:05-07:00,0,0
style.css,44,css,b89c3a2f,wwroxanne219,2026-04-03,16:26:05,-07:00,2026-04-03T16:26:05-07:00,0,0
style.css,45,css,b89c3a2f,wwroxanne219,2026-04-03,16:26:05,-07:00,2026-04-03T16:26:05-07:00,0,7
style.css,46,css,12312862,wwroxanne219,2026-04-17,16:32:57,-07:00,2026-04-17T16:32:57-07:00,2,13
style.css,47,css,b89c3a2f,wwroxanne219,2026-04-03,16:26:05,-07:00,2026-04-03T16:26:05-07:00,2,31
style.css,48,css,6f1ff86a,wwroxanne219,2026-04-10,18:42:56,-07:00,2026-04-10T18:42:56-07:00,0,0
style.css,49,css,6f1ff86a,wwroxanne219,2026-04-10,18:42:56,-07:00,2026-04-10T18:42:56-07:00,0,0
style.css,50,css,12312862,wwroxanne219,2026-04-17,16:32:57,-07:00,2026-04-17T16:32:57-07:00,0,5
style.css,51,css,12312862,wwroxanne219,2026-04-17,16:32:57,-07:00,2026-04-17T16:32:57-07:00,2,22
style.css,52,css,12312862,wwroxanne219,2026-04-17,16:32:57,-07:00,2026-04-17T16:32:57-07:00,0,0
style.css,53,css,12312862,wwroxanne219,2026-04-17,16:32:57,-07:00,2026-04-17T16:32:57-07:00,0,0
style.css,54,css,12312862,wwroxanne219,2026-04-17,16:32:57,-07:00,2026-04-17T16:32:57-07:00,0,4
style.css,55,css,12312862,wwroxanne219,2026-04-17,16:32:57,-07:00,2026-04-17T16:32:57-07:00,2,23
style.css,56,css,12312862,wwroxanne219,2026-04-17,16:32:57,-07:00,2026-04-17T16:32:57-07:00,2,32
style.css,57,css,12312862,wwroxanne219,2026-04-17,16:32:57,-07:00,2026-04-17T16:32:57-07:00,0,0
style.css,58,css,12312862,wwroxanne219,2026-04-17,16:32:57,-07:00,2026-04-17T16:32:57-07:00,0,0
style.css,59,css,6f1ff86a,wwroxanne219,2026-04-10,18:42:56,-07:00,2026-04-10T18:42:56-07:00,0,3
style.css,60,css,6f1ff86a,wwroxanne219,2026-04-10,18:42:56,-07:00,2026-04-10T18:42:56-07:00,2,12
style.css,61,css,12312862,wwroxanne219,2026-04-17,16:32:57,-07:00,2026-04-17T16:32:57-07:00,2,18
style.css,62,css,12312862,wwroxanne219,2026-04-17,16:32:57,-07:00,2026-04-17T16:32:57-07:00,2,28
style.css,63,css,e9e19385,wwroxanne219,2026-04-10,18:47:43,-07:00,2026-04-10T18:47:43-07:00,0,0
style.css,64,css,e9e19385,wwroxanne219,2026-04-10,18:47:43,-07:00,2026-04-10T18:47:43-07:00,0,0
style.css,65,css,e9e19385,wwroxanne219,2026-04-10,18:47:43,-07:00,2026-04-10T18:47:43-07:00,0,5
style.css,66,css,e9e19385,wwroxanne219,2026-04-10,18:47:43,-07:00,2026-04-10T18:47:43-07:00,0,6
style.css,67,css,e9e19385,wwroxanne219,2026-04-10,18:47:43,-07:00,2026-04-10T18:47:43-07:00,2,16
style.css,68,css,2af56860,wwroxanne219,2026-04-10,18:49:55,-07:00,2026-04-10T18:49:55-07:00,0,0
style.css,69,css,2af56860,wwroxanne219,2026-04-10,18:49:55,-07:00,2026-04-10T18:49:55-07:00,0,0
style.css,70,css,2af56860,wwroxanne219,2026-04-10,18:49:55,-07:00,2026-04-10T18:49:55-07:00,0,5
style.css,71,css,2af56860,wwroxanne219,2026-04-10,18:49:55,-07:00,2026-04-10T18:49:55-07:00,2,6
style.css,72,css,2af56860,wwroxanne219,2026-04-10,18:49:55,-07:00,2026-04-10T18:49:55-07:00,2,20
style.css,73,css,2af56860,wwroxanne219,2026-04-10,18:49:55,-07:00,2026-04-10T18:49:55-07:00,2,13
style.css,74,css,2af56860,wwroxanne219,2026-04-10,18:49:55,-07:00,2026-04-10T18:49:55-07:00,2,17
style.css,75,css,2af56860,wwroxanne219,2026-04-10,18:49:55,-07:00,2026-04-10T18:49:55-07:00,2,13
style.css,76,css,59ab9342,wwroxanne219,2026-04-10,18:53:08,-07:00,2026-04-10T18:53:08-07:00,0,0
style.css,77,css,59ab9342,wwroxanne219,2026-04-10,18:53:08,-07:00,2026-04-10T18:53:08-07:00,0,0
style.css,78,css,db22b167,wwroxanne219,2026-04-10,18:57:39,-07:00,2026-04-10T18:57:39-07:00,0,13
style.css,79,css,12312862,wwroxanne219,2026-04-17,16:32:57,-07:00,2026-04-17T16:32:57-07:00,2,30
style.css,80,css,12312862,wwroxanne219,2026-04-17,16:32:57,-07:00,2026-04-17T16:32:57-07:00,2,20
style.css,81,css,83de4c5d,wwroxanne219,2026-04-10,18:58:46,-07:00,2026-04-10T18:58:46-07:00,0,0
style.css,82,css,83de4c5d,wwroxanne219,2026-04-10,18:58:46,-07:00,2026-04-10T18:58:46-07:00,0,0
style.css,83,css,83de4c5d,wwroxanne219,2026-04-10,18:58:46,-07:00,2026-04-10T18:58:46-07:00,0,11
style.css,84,css,83de4c5d,wwroxanne219,2026-04-10,18:58:46,-07:00,2026-04-10T18:58:46-07:00,2,45
style.css,85,css,12312862,wwroxanne219,2026-04-17,16:32:57,-07:00,2026-04-17T16:32:57-07:00,2,69
style.css,86,css,d0ce51fb,wwroxanne219,2026-04-10,18:59:37,-07:00,2026-04-10T18:59:37-07:00,0,0
style.css,87,css,d0ce51fb,wwroxanne219,2026-04-10,18:59:37,-07:00,2026-04-10T18:59:37-07:00,0,0
style.css,88,css,d0ce51fb,wwroxanne219,2026-04-10,18:59:37,-07:00,2026-04-10T18:59:37-07:00,0,4
style.css,89,css,d0ce51fb,wwroxanne219,2026-04-10,18:59:37,-07:00,2026-04-10T18:59:37-07:00,0,7
style.css,90,css,12312862,wwroxanne219,2026-04-17,16:32:57,-07:00,2026-04-17T16:32:57-07:00,0,5
style.css,91,css,12312862,wwroxanne219,2026-04-17,16:32:57,-07:00,2026-04-17T16:32:57-07:00,0,6
style.css,92,css,d0ce51fb,wwroxanne219,2026-04-10,18:59:37,-07:00,2026-04-10T18:59:37-07:00,2,12
style.css,93,css,bd799dfb,wwroxanne219,2026-04-10,19:00:47,-07:00,2026-04-10T19:00:47-07:00,0,0
style.css,94,css,bd799dfb,wwroxanne219,2026-04-10,19:00:47,-07:00,2026-04-10T19:00:47-07:00,0,0
style.css,95,css,bd799dfb,wwroxanne219,2026-04-10,19:00:47,-07:00,2026-04-10T19:00:47-07:00,0,5
style.css,96,css,bd799dfb,wwroxanne219,2026-04-10,19:00:47,-07:00,2026-04-10T19:00:47-07:00,2,13
style.css,97,css,bd799dfb,wwroxanne219,2026-04-10,19:00:47,-07:00,2026-04-10T19:00:47-07:00,2,16
style.css,98,css,b9ba9a47,wwroxanne219,2026-04-10,19:19:39,-07:00,2026-04-10T19:19:39-07:00,0,0
style.css,99,css,b9ba9a47,wwroxanne219,2026-04-10,19:19:39,-07:00,2026-04-10T19:19:39-07:00,0,0
style.css,100,css,b9ba9a47,wwroxanne219,2026-04-10,19:19:39,-07:00,2026-04-10T19:19:39-07:00,0,4
style.css,101,css,b9ba9a47,wwroxanne219,2026-04-10,19:19:39,-07:00,2026-04-10T19:19:39-07:00,2,12
style.css,102,css,b9ba9a47,wwroxanne219,2026-04-10,19:19:39,-07:00,2026-04-10T19:19:39-07:00,2,30
style.css,103,css,b9ba9a47,wwroxanne219,2026-04-10,19:19:39,-07:00,2026-04-10T19:19:39-07:00,2,7
style.css,104,css,b9ba9a47,wwroxanne219,2026-04-10,19:19:39,-07:00,2026-04-10T19:19:39-07:00,0,0
style.css,105,css,b9ba9a47,wwroxanne219,2026-04-10,19:19:39,-07:00,2026-04-10T19:19:39-07:00,0,0
style.css,106,css,b9ba9a47,wwroxanne219,2026-04-10,19:19:39,-07:00,2026-04-10T19:19:39-07:00,0,5
style.css,107,css,b9ba9a47,wwroxanne219,2026-04-10,19:19:39,-07:00,2026-04-10T19:19:39-07:00,2,12
style.css,108,css,b9ba9a47,wwroxanne219,2026-04-10,19:19:39,-07:00,2026-04-10T19:19:39-07:00,2,29
style.css,109,css,b9ba9a47,wwroxanne219,2026-04-10,19:19:39,-07:00,2026-04-10T19:19:39-07:00,2,18
style.css,110,css,b9ba9a47,wwroxanne219,2026-04-10,19:19:39,-07:00,2026-04-10T19:19:39-07:00,0,0
style.css,111,css,b9ba9a47,wwroxanne219,2026-04-10,19:19:39,-07:00,2026-04-10T19:19:39-07:00,0,0
style.css,112,css,b9ba9a47,wwroxanne219,2026-04-10,19:19:39,-07:00,2026-04-10T19:19:39-07:00,0,11
style.css,113,css,b9ba9a47,wwroxanne219,2026-04-10,19:19:39,-07:00,2026-04-10T19:19:39-07:00,2,18
style.css,114,css,b9ba9a47,wwroxanne219,2026-04-10,19:19:39,-07:00,2026-04-10T19:19:39-07:00,0,0
style.css,115,css,b9ba9a47,wwroxanne219,2026-04-10,19:19:39,-07:00,2026-04-10T19:19:39-07:00,0,0
style.css,116,css,b9ba9a47,wwroxanne219,2026-04-10,19:19:39,-07:00,2026-04-10T19:19:39-07:00,0,9
style.css,117,css,b9ba9a47,wwroxanne219,2026-04-10,19:19:39,-07:00,2026-04-10T19:19:39-07:00,2,12
style.css,118,css,b9ba9a47,wwroxanne219,2026-04-10,19:19:39,-07:00,2026-04-10T19:19:39-07:00,2,58
style.css,119,css,b9ba9a47,wwroxanne219,2026-04-10,19:19:39,-07:00,2026-04-10T19:19:39-07:00,2,7
style.css,120,css,b9ba9a47,wwroxanne219,2026-04-10,19:19:39,-07:00,2026-04-10T19:19:39-07:00,0,0
style.css,121,css,b9ba9a47,wwroxanne219,2026-04-10,19:19:39,-07:00,2026-04-10T19:19:39-07:00,0,0
style.css,122,css,b9ba9a47,wwroxanne219,2026-04-10,19:19:39,-07:00,2026-04-10T19:19:39-07:00,0,17
style.css,123,css,b9ba9a47,wwroxanne219,2026-04-10,19:19:39,-07:00,2026-04-10T19:19:39-07:00,2,12
style.css,124,css,b9ba9a47,wwroxanne219,2026-04-10,19:19:39,-07:00,2026-04-10T19:19:39-07:00,2,26
style.css,125,css,b9ba9a47,wwroxanne219,2026-04-10,19:19:39,-07:00,2026-04-10T19:19:39-07:00,2,15
style.css,126,css,b9ba9a47,wwroxanne219,2026-04-10,19:19:39,-07:00,2026-04-10T19:19:39-07:00,0,0
style.css,127,css,b9ba9a47,wwroxanne219,2026-04-10,19:19:39,-07:00,2026-04-10T19:19:39-07:00,0,0
style.css,128,css,b9ba9a47,wwroxanne219,2026-04-10,19:19:39,-07:00,2026-04-10T19:19:39-07:00,0,12
style.css,129,css,b9ba9a47,wwroxanne219,2026-04-10,19:19:39,-07:00,2026-04-10T19:19:39-07:00,2,8
style.css,130,css,12312862,wwroxanne219,2026-04-17,16:32:57,-07:00,2026-04-17T16:32:57-07:00,0,0
style.css,131,css,12312862,wwroxanne219,2026-04-17,16:32:57,-07:00,2026-04-17T16:32:57-07:00,0,0
style.css,132,css,12312862,wwroxanne219,2026-04-17,16:32:57,-07:00,2026-04-17T16:32:57-07:00,0,13
style.css,133,css,12312862,wwroxanne219,2026-04-17,16:32:57,-07:00,2026-04-17T16:32:57-07:00,2,17
style.css,134,css,12312862,wwroxanne219,2026-04-17,16:32:57,-07:00,2026-04-17T16:32:57-07:00,2,8
style.css,135,css,12312862,wwroxanne219,2026-04-17,16:32:57,-07:00,2026-04-17T16:32:57-07:00,2,10
style.css,136,css,12312862,wwroxanne219,2026-04-17,16:32:57,-07:00,2026-04-17T16:32:57-07:00,2,13
style.css,137,css,5d554f45,wwroxanne219,2026-04-24,09:19:01,-07:00,2026-04-24T09:19:01-07:00,0,0
style.css,138,css,5d554f45,wwroxanne219,2026-04-24,09:19:01,-07:00,2026-04-24T09:19:01-07:00,0,0
style.css,139,css,5d554f45,wwroxanne219,2026-04-24,09:19:01,-07:00,2026-04-24T09:19:01-07:00,0,14
style.css,140,css,5d554f45,wwroxanne219,2026-04-24,09:19:01,-07:00,2026-04-24T09:19:01-07:00,2,12
style.css,141,css,5d554f45,wwroxanne219,2026-04-24,09:19:01,-07:00,2026-04-24T09:19:01-07:00,2,36
style.css,142,css,5d554f45,wwroxanne219,2026-04-24,09:19:01,-07:00,2026-04-24T09:19:01-07:00,2,8
style.css,143,css,5d554f45,wwroxanne219,2026-04-24,09:19:01,-07:00,2026-04-24T09:19:01-07:00,1,0
style.css,144,css,5d554f45,wwroxanne219,2026-04-24,09:19:01,-07:00,2026-04-24T09:19:01-07:00,1,0
style.css,145,css,5d554f45,wwroxanne219,2026-04-24,09:19:01,-07:00,2026-04-24T09:19:01-07:00,1,16
style.css,146,css,5d554f45,wwroxanne219,2026-04-24,09:19:01,-07:00,2026-04-24T09:19:01-07:00,2,18
style.css,147,css,5d554f45,wwroxanne219,2026-04-24,09:19:01,-07:00,2026-04-24T09:19:01-07:00,2,12
style.css,148,css,5d554f45,wwroxanne219,2026-04-24,09:19:01,-07:00,2026-04-24T09:19:01-07:00,2,18
style.css,149,css,5d554f45,wwroxanne219,2026-04-24,09:19:01,-07:00,2026-04-24T09:19:01-07:00,2,17
style.css,150,css,5d554f45,wwroxanne219,2026-04-24,09:19:01,-07:00,2026-04-24T09:19:01-07:00,1,0
index.js,1,js,5d554f45,wwroxanne219,2026-04-24,09:19:01,-07:00,2026-04-24T09:19:01-07:00,0,54
index.js,2,js,5d554f45,wwroxanne219,2026-04-24,09:19:01,-07:00,2026-04-24T09:19:01-07:00,0,0
index.js,3,js,5d554f45,wwroxanne219,2026-04-24,09:19:01,-07:00,2026-04-24T09:19:01-07:00,0,54
index.js,4,js,5d554f45,wwroxanne219,2026-04-24,09:19:01,-07:00,2026-04-24T09:19:01-07:00,0,0
index.js,5,js,5d554f45,wwroxanne219,2026-04-24,09:19:01,-07:00,2026-04-24T09:19:01-07:00,0,42
index.js,6,js,5d554f45,wwroxanne219,2026-04-24,09:19:01,-07:00,2026-04-24T09:19:01-07:00,0,0
index.js,7,js,5d554f45,wwroxanne219,2026-04-24,09:19:01,-07:00,2026-04-24T09:19:01-07:00,0,60
index.js,8,js,5d554f45,wwroxanne219,2026-04-24,09:19:01,-07:00,2026-04-24T09:19:01-07:00,0,0
index.js,9,js,5d554f45,wwroxanne219,2026-04-24,09:19:01,-07:00,2026-04-24T09:19:01-07:00,0,54
index.js,10,js,5d554f45,wwroxanne219,2026-04-24,09:19:01,-07:00,2026-04-24T09:19:01-07:00,0,0
index.js,11,js,5d554f45,wwroxanne219,2026-04-24,09:19:01,-07:00,2026-04-24T09:19:01-07:00,0,0
index.js,12,js,5d554f45,wwroxanne219,2026-04-24,09:19:01,-07:00,2026-04-24T09:19:01-07:00,0,78
index.js,13,js,5d554f45,wwroxanne219,2026-04-24,09:19:01,-07:00,2026-04-24T09:19:01-07:00,0,0
index.js,14,js,5d554f45,wwroxanne219,2026-04-24,09:19:01,-07:00,2026-04-24T09:19:01-07:00,0,62
index.js,15,js,5d554f45,wwroxanne219,2026-04-24,09:19:01,-07:00,2026-04-24T09:19:01-07:00,0,0
index.js,16,js,5d554f45,wwroxanne219,2026-04-24,09:19:01,-07:00,2026-04-24T09:19:01-07:00,0,26
index.js,17,js,5d554f45,wwroxanne219,2026-04-24,09:19:01,-07:00,2026-04-24T09:19:01-07:00,1,45
index.js,18,js,5d554f45,wwroxanne219,2026-04-24,09:19:01,-07:00,2026-04-24T09:19:01-07:00,1,39
index.js,19,js,5d554f45,wwroxanne219,2026-04-24,09:19:01,-07:00,2026-04-24T09:19:01-07:00,1,39
index.js,20,js,5d554f45,wwroxanne219,2026-04-24,09:19:01,-07:00,2026-04-24T09:19:01-07:00,1,45
index.js,21,js,5d554f45,wwroxanne219,2026-04-24,09:19:01,-07:00,2026-04-24T09:19:01-07:00,0,0
index.html,1,html,2c51afe6,wwroxanne219,2026-04-03,16:01:43,-07:00,2026-04-03T16:01:43-07:00,0,13
index.html,2,html,2c51afe6,wwroxanne219,2026-04-03,16:01:43,-07:00,2026-04-03T16:01:43-07:00,0,14
index.html,3,html,2c51afe6,wwroxanne219,2026-04-03,16:01:43,-07:00,2026-04-03T16:01:43-07:00,0,4
index.html,4,html,5d554f45,wwroxanne219,2026-04-24,09:19:01,-07:00,2026-04-24T09:19:01-07:00,1,20
index.html,5,html,5d554f45,wwroxanne219,2026-04-24,09:19:01,-07:00,2026-04-24T09:19:01-07:00,1,55
index.html,6,html,5d554f45,wwroxanne219,2026-04-24,09:19:01,-07:00,2026-04-24T09:19:01-07:00,1,38
index.html,7,html,2c51afe6,wwroxanne219,2026-04-03,16:01:43,-07:00,2026-04-03T16:01:43-07:00,0,5
index.html,8,html,5d554f45,wwroxanne219,2026-04-24,09:19:01,-07:00,2026-04-24T09:19:01-07:00,0,0
index.html,9,html,2c51afe6,wwroxanne219,2026-04-03,16:01:43,-07:00,2026-04-03T16:01:43-07:00,0,4
index.html,10,html,5d554f45,wwroxanne219,2026-04-24,09:19:01,-07:00,2026-04-24T09:19:01-07:00,1,19
index.html,11,html,5d554f45,wwroxanne219,2026-04-24,09:19:01,-07:00,2026-04-24T09:19:01-07:00,0,0
index.html,12,html,5d554f45,wwroxanne219,2026-04-24,09:19:01,-07:00,2026-04-24T09:19:01-07:00,1,42
index.html,13,html,5d554f45,wwroxanne219,2026-04-24,09:19:01,-07:00,2026-04-24T09:19:01-07:00,0,0
index.html,14,html,5d554f45,wwroxanne219,2026-04-24,09:19:01,-07:00,2026-04-24T09:19:01-07:00,1,30
index.html,15,html,5d554f45,wwroxanne219,2026-04-24,09:19:01,-07:00,2026-04-24T09:19:01-07:00,0,0
index.html,16,html,5d554f45,wwroxanne219,2026-04-24,09:19:01,-07:00,2026-04-24T09:19:01-07:00,1,49
index.html,17,html,5d554f45,wwroxanne219,2026-04-24,09:19:01,-07:00,2026-04-24T09:19:01-07:00,0,0
index.html,18,html,5d554f45,wwroxanne219,2026-04-24,09:19:01,-07:00,2026-04-24T09:19:01-07:00,1,1
index.html,19,html,5d554f45,wwroxanne219,2026-04-24,09:19:01,-07:00,2026-04-24T09:19:01-07:00,2,59
index.html,20,html,5d554f45,wwroxanne219,2026-04-24,09:19:01,-07:00,2026-04-24T09:19:01-07:00,1,2
index.html,21,html,5d554f45,wwroxanne219,2026-04-24,09:19:01,-07:00,2026-04-24T09:19:01-07:00,0,0
index.html,22,html,5d554f45,wwroxanne219,2026-04-24,09:19:01,-07:00,2026-04-24T09:19:01-07:00,1,1
index.html,23,html,5d554f45,wwroxanne219,2026-04-24,09:19:01,-07:00,2026-04-24T09:19:01-07:00,2,50
index.html,24,html,5d554f45,wwroxanne219,2026-04-24,09:19:01,-07:00,2026-04-24T09:19:01-07:00,1,2
index.html,25,html,5d554f45,wwroxanne219,2026-04-24,09:19:01,-07:00,2026-04-24T09:19:01-07:00,0,0
index.html,26,html,5d554f45,wwroxanne219,2026-04-24,09:19:01,-07:00,2026-04-24T09:19:01-07:00,1,22
index.html,27,html,5d554f45,wwroxanne219,2026-04-24,09:19:01,-07:00,2026-04-24T09:19:01-07:00,1,26
index.html,28,html,5d554f45,wwroxanne219,2026-04-24,09:19:01,-07:00,2026-04-24T09:19:01-07:00,0,0
index.html,29,html,5d554f45,wwroxanne219,2026-04-24,09:19:01,-07:00,2026-04-24T09:19:01-07:00,1,22
index.html,30,html,5d554f45,wwroxanne219,2026-04-24,09:19:01,-07:00,2026-04-24T09:19:01-07:00,1,28
index.html,31,html,5d554f45,wwroxanne219,2026-04-24,09:19:01,-07:00,2026-04-24T09:19:01-07:00,0,0
index.html,32,html,5d554f45,wwroxanne219,2026-04-24,09:19:01,-07:00,2026-04-24T09:19:01-07:00,1,45
index.html,33,html,5d554f45,wwroxanne219,2026-04-24,09:19:01,-07:00,2026-04-24T09:19:01-07:00,1,44
index.html,34,html,2c51afe6,wwroxanne219,2026-04-03,16:01:43,-07:00,2026-04-03T16:01:43-07:00,0,5
index.html,35,html,2c51afe6,wwroxanne219,2026-04-03,16:01:43,-07:00,2026-04-03T16:01:43-07:00,0,5
global.js,1,js,12312862,wwroxanne219,2026-04-17,16:32:57,-07:00,2026-04-17T16:32:57-07:00,0,25
global.js,2,js,12312862,wwroxanne219,2026-04-17,16:32:57,-07:00,2026-04-17T16:32:57-07:00,0,0
global.js,3,js,12312862,wwroxanne219,2026-04-17,16:32:57,-07:00,2026-04-17T16:32:57-07:00,0,18
global.js,4,js,12312862,wwroxanne219,2026-04-17,16:32:57,-07:00,2026-04-17T16:32:57-07:00,1,69
global.js,5,js,12312862,wwroxanne219,2026-04-17,16:32:57,-07:00,2026-04-17T16:32:57-07:00,0,0
global.js,6,js,12312862,wwroxanne219,2026-04-17,16:32:57,-07:00,2026-04-17T16:32:57-07:00,0,51
global.js,7,js,12312862,wwroxanne219,2026-04-17,16:32:57,-07:00,2026-04-17T16:32:57-07:00,0,0
global.js,8,js,12312862,wwroxanne219,2026-04-17,16:32:57,-07:00,2026-04-17T16:32:57-07:00,0,11
global.js,9,js,12312862,wwroxanne219,2026-04-17,16:32:57,-07:00,2026-04-17T16:32:57-07:00,1,25
global.js,10,js,12312862,wwroxanne219,2026-04-17,16:32:57,-07:00,2026-04-17T16:32:57-07:00,1,38
global.js,11,js,12312862,wwroxanne219,2026-04-17,16:32:57,-07:00,2026-04-17T16:32:57-07:00,1,36
global.js,12,js,12312862,wwroxanne219,2026-04-17,16:32:57,-07:00,2026-04-17T16:32:57-07:00,1,26
global.js,13,js,00000000,Not Committed Yet,2026-05-07,13:38:48,-07:00,2026-05-07T13:38:48-07:00,1,30
global.js,14,js,12312862,wwroxanne219,2026-04-17,16:32:57,-07:00,2026-04-17T16:32:57-07:00,1,57
global.js,15,js,00000000,Not Committed Yet,2026-05-07,13:38:48,-07:00,2026-05-07T13:38:48-07:00,1,0
global.js,16,js,12312862,wwroxanne219,2026-04-17,16:32:57,-07:00,2026-04-17T16:32:57-07:00,0,0
global.js,17,js,12312862,wwroxanne219,2026-04-17,16:32:57,-07:00,2026-04-17T16:32:57-07:00,0,0
global.js,18,js,12312862,wwroxanne219,2026-04-17,16:32:57,-07:00,2026-04-17T16:32:57-07:00,0,38
global.js,19,js,12312862,wwroxanne219,2026-04-17,16:32:57,-07:00,2026-04-17T16:32:57-07:00,0,25
global.js,20,js,12312862,wwroxanne219,2026-04-17,16:32:57,-07:00,2026-04-17T16:32:57-07:00,0,0
global.js,21,js,12312862,wwroxanne219,2026-04-17,16:32:57,-07:00,2026-04-17T16:32:57-07:00,0,20
global.js,22,js,12312862,wwroxanne219,2026-04-17,16:32:57,-07:00,2026-04-17T16:32:57-07:00,1,14
global.js,23,js,12312862,wwroxanne219,2026-04-17,16:32:57,-07:00,2026-04-17T16:32:57-07:00,0,0
global.js,24,js,12312862,wwroxanne219,2026-04-17,16:32:57,-07:00,2026-04-17T16:32:57-07:00,1,28
global.js,25,js,12312862,wwroxanne219,2026-04-17,16:32:57,-07:00,2026-04-17T16:32:57-07:00,2,20
global.js,26,js,12312862,wwroxanne219,2026-04-17,16:32:57,-07:00,2026-04-17T16:32:57-07:00,1,0
global.js,27,js,12312862,wwroxanne219,2026-04-17,16:32:57,-07:00,2026-04-17T16:32:57-07:00,0,0
global.js,28,js,12312862,wwroxanne219,2026-04-17,16:32:57,-07:00,2026-04-17T16:32:57-07:00,1,34
global.js,29,js,12312862,wwroxanne219,2026-04-17,16:32:57,-07:00,2026-04-17T16:32:57-07:00,1,11
global.js,30,js,12312862,wwroxanne219,2026-04-17,16:32:57,-07:00,2026-04-17T16:32:57-07:00,1,22
global.js,31,js,12312862,wwroxanne219,2026-04-17,16:32:57,-07:00,2026-04-17T16:32:57-07:00,0,0
global.js,32,js,12312862,wwroxanne219,2026-04-17,16:32:57,-07:00,2026-04-17T16:32:57-07:00,1,17
global.js,33,js,12312862,wwroxanne219,2026-04-17,16:32:57,-07:00,2026-04-17T16:32:57-07:00,2,8
global.js,34,js,12312862,wwroxanne219,2026-04-17,16:32:57,-07:00,2026-04-17T16:32:57-07:00,2,58
global.js,35,js,12312862,wwroxanne219,2026-04-17,16:32:57,-07:00,2026-04-17T16:32:57-07:00,1,0
global.js,36,js,12312862,wwroxanne219,2026-04-17,16:32:57,-07:00,2026-04-17T16:32:57-07:00,0,0
global.js,37,js,12312862,wwroxanne219,2026-04-17,16:32:57,-07:00,2026-04-17T16:32:57-07:00,1,29
global.js,38,js,12312862,wwroxanne219,2026-04-17,16:32:57,-07:00,2026-04-17T16:32:57-07:00,2,18
global.js,39,js,12312862,wwroxanne219,2026-04-17,16:32:57,-07:00,2026-04-17T16:32:57-07:00,1,0
global.js,40,js,12312862,wwroxanne219,2026-04-17,16:32:57,-07:00,2026-04-17T16:32:57-07:00,0,0
global.js,41,js,12312862,wwroxanne219,2026-04-17,16:32:57,-07:00,2026-04-17T16:32:57-07:00,1,12
global.js,42,js,12312862,wwroxanne219,2026-04-17,16:32:57,-07:00,2026-04-17T16:32:57-07:00,0,0
global.js,43,js,12312862,wwroxanne219,2026-04-17,16:32:57,-07:00,2026-04-17T16:32:57-07:00,0,0
global.js,44,js,12312862,wwroxanne219,2026-04-17,16:32:57,-07:00,2026-04-17T16:32:57-07:00,0,31
global.js,45,js,12312862,wwroxanne219,2026-04-17,16:32:57,-07:00,2026-04-17T16:32:57-07:00,1,11
global.js,46,js,12312862,wwroxanne219,2026-04-17,16:32:57,-07:00,2026-04-17T16:32:57-07:00,1,0
global.js,47,js,12312862,wwroxanne219,2026-04-17,16:32:57,-07:00,2026-04-17T16:32:57-07:00,2,26
global.js,48,js,12312862,wwroxanne219,2026-04-17,16:32:57,-07:00,2026-04-17T16:32:57-07:00,3,4
global.js,49,js,12312862,wwroxanne219,2026-04-17,16:32:57,-07:00,2026-04-17T16:32:57-07:00,3,6
global.js,50,js,12312862,wwroxanne219,2026-04-17,16:32:57,-07:00,2026-04-17T16:32:57-07:00,4,43
global.js,51,js,12312862,wwroxanne219,2026-04-17,16:32:57,-07:00,2026-04-17T16:32:57-07:00,4,34
global.js,52,js,12312862,wwroxanne219,2026-04-17,16:32:57,-07:00,2026-04-17T16:32:57-07:00,4,32
global.js,53,js,12312862,wwroxanne219,2026-04-17,16:32:57,-07:00,2026-04-17T16:32:57-07:00,3,7
global.js,54,js,12312862,wwroxanne219,2026-04-17,16:32:57,-07:00,2026-04-17T16:32:57-07:00,2,6
global.js,55,js,12312862,wwroxanne219,2026-04-17,16:32:57,-07:00,2026-04-17T16:32:57-07:00,1,0
global.js,56,js,12312862,wwroxanne219,2026-04-17,16:32:57,-07:00,2026-04-17T16:32:57-07:00,0,0
global.js,57,js,12312862,wwroxanne219,2026-04-17,16:32:57,-07:00,2026-04-17T16:32:57-07:00,0,0
global.js,58,js,12312862,wwroxanne219,2026-04-17,16:32:57,-07:00,2026-04-17T16:32:57-07:00,0,58
global.js,59,js,12312862,wwroxanne219,2026-04-17,16:32:57,-07:00,2026-04-17T16:32:57-07:00,0,0
global.js,60,js,12312862,wwroxanne219,2026-04-17,16:32:57,-07:00,2026-04-17T16:32:57-07:00,0,36
global.js,61,js,12312862,wwroxanne219,2026-04-17,16:32:57,-07:00,2026-04-17T16:32:57-07:00,1,70
global.js,62,js,12312862,wwroxanne219,2026-04-17,16:32:57,-07:00,2026-04-17T16:32:57-07:00,1,25
global.js,63,js,12312862,wwroxanne219,2026-04-17,16:32:57,-07:00,2026-04-17T16:32:57-07:00,1,37
global.js,64,js,12312862,wwroxanne219,2026-04-17,16:32:57,-07:00,2026-04-17T16:32:57-07:00,0,0
global.js,65,js,12312862,wwroxanne219,2026-04-17,16:32:57,-07:00,2026-04-17T16:32:57-07:00,0,0
global.js,66,js,12312862,wwroxanne219,2026-04-17,16:32:57,-07:00,2026-04-17T16:32:57-07:00,0,49
global.js,67,js,12312862,wwroxanne219,2026-04-17,16:32:57,-07:00,2026-04-17T16:32:57-07:00,1,33
global.js,68,js,12312862,wwroxanne219,2026-04-17,16:32:57,-07:00,2026-04-17T16:32:57-07:00,0,1
global.js,69,js,12312862,wwroxanne219,2026-04-17,16:32:57,-07:00,2026-04-17T16:32:57-07:00,0,0
global.js,70,js,12312862,wwroxanne219,2026-04-17,16:32:57,-07:00,2026-04-17T16:32:57-07:00,0,34
global.js,71,js,12312862,wwroxanne219,2026-04-17,16:32:57,-07:00,2026-04-17T16:32:57-07:00,1,39
global.js,72,js,5d554f45,wwroxanne219,2026-04-24,09:19:01,-07:00,2026-04-24T09:19:01-07:00,0,0
global.js,73,js,5d554f45,wwroxanne219,2026-04-24,09:19:01,-07:00,2026-04-24T09:19:01-07:00,0,0
global.js,74,js,5d554f45,wwroxanne219,2026-04-24,09:19:01,-07:00,2026-04-24T09:19:01-07:00,0,36
global.js,75,js,5d554f45,wwroxanne219,2026-04-24,09:19:01,-07:00,2026-04-24T09:19:01-07:00,1,3
global.js,76,js,5d554f45,wwroxanne219,2026-04-24,09:19:01,-07:00,2026-04-24T09:19:01-07:00,2,32
global.js,77,js,5d554f45,wwroxanne219,2026-04-24,09:19:01,-07:00,2026-04-24T09:19:01-07:00,0,0
global.js,78,js,5d554f45,wwroxanne219,2026-04-24,09:19:01,-07:00,2026-04-24T09:19:01-07:00,2,17
global.js,79,js,5d554f45,wwroxanne219,2026-04-24,09:19:01,-07:00,2026-04-24T09:19:01-07:00,3,66
global.js,80,js,5d554f45,wwroxanne219,2026-04-24,09:19:01,-07:00,2026-04-24T09:19:01-07:00,2,0
global.js,81,js,5d554f45,wwroxanne219,2026-04-24,09:19:01,-07:00,2026-04-24T09:19:01-07:00,0,0
global.js,82,js,5d554f45,wwroxanne219,2026-04-24,09:19:01,-07:00,2026-04-24T09:19:01-07:00,2,33
global.js,83,js,5d554f45,wwroxanne219,2026-04-24,09:19:01,-07:00,2026-04-24T09:19:01-07:00,2,10
global.js,84,js,5d554f45,wwroxanne219,2026-04-24,09:19:01,-07:00,2026-04-24T09:19:01-07:00,1,15
global.js,85,js,5d554f45,wwroxanne219,2026-04-24,09:19:01,-07:00,2026-04-24T09:19:01-07:00,2,59
global.js,86,js,5d554f45,wwroxanne219,2026-04-24,09:19:01,-07:00,2026-04-24T09:19:01-07:00,1,0
global.js,87,js,5d554f45,wwroxanne219,2026-04-24,09:19:01,-07:00,2026-04-24T09:19:01-07:00,0,0
global.js,88,js,5d554f45,wwroxanne219,2026-04-24,09:19:01,-07:00,2026-04-24T09:19:01-07:00,0,0
global.js,89,js,5d554f45,wwroxanne219,2026-04-24,09:19:01,-07:00,2026-04-24T09:19:01-07:00,0,72
global.js,90,js,5d554f45,wwroxanne219,2026-04-24,09:19:01,-07:00,2026-04-24T09:19:01-07:00,1,30
global.js,91,js,5d554f45,wwroxanne219,2026-04-24,09:19:01,-07:00,2026-04-24T09:19:01-07:00,0,0
global.js,92,js,5d554f45,wwroxanne219,2026-04-24,09:19:01,-07:00,2026-04-24T09:19:01-07:00,1,29
global.js,93,js,5d554f45,wwroxanne219,2026-04-24,09:19:01,-07:00,2026-04-24T09:19:01-07:00,2,48
global.js,94,js,5d554f45,wwroxanne219,2026-04-24,09:19:01,-07:00,2026-04-24T09:19:01-07:00,0,0
global.js,95,js,5d554f45,wwroxanne219,2026-04-24,09:19:01,-07:00,2026-04-24T09:19:01-07:00,2,51
global.js,96,js,5d554f45,wwroxanne219,2026-04-24,09:19:01,-07:00,2026-04-24T09:19:01-07:00,2,34
global.js,97,js,5d554f45,wwroxanne219,2026-04-24,09:19:01,-07:00,2026-04-24T09:19:01-07:00,0,0
global.js,98,js,5d554f45,wwroxanne219,2026-04-24,09:19:01,-07:00,2026-04-24T09:19:01-07:00,2,40
global.js,99,js,5d554f45,wwroxanne219,2026-04-24,09:19:01,-07:00,2026-04-24T09:19:01-07:00,2,22
global.js,100,js,5d554f45,wwroxanne219,2026-04-24,09:19:01,-07:00,2026-04-24T09:19:01-07:00,2,22
global.js,101,js,5d554f45,wwroxanne219,2026-04-24,09:19:01,-07:00,2026-04-24T09:19:01-07:00,0,0
global.js,102,js,5d554f45,wwroxanne219,2026-04-24,09:19:01,-07:00,2026-04-24T09:19:01-07:00,2,36
global.js,103,js,5d554f45,wwroxanne219,2026-04-24,09:19:01,-07:00,2026-04-24T09:19:01-07:00,2,34
global.js,104,js,5d554f45,wwroxanne219,2026-04-24,09:19:01,-07:00,2026-04-24T09:19:01-07:00,0,0
global.js,105,js,5d554f45,wwroxanne219,2026-04-24,09:19:01,-07:00,2026-04-24T09:19:01-07:00,2,27
global.js,106,js,5d554f45,wwroxanne219,2026-04-24,09:19:01,-07:00,2026-04-24T09:19:01-07:00,2,23
global.js,107,js,5d554f45,wwroxanne219,2026-04-24,09:19:01,-07:00,2026-04-24T09:19:01-07:00,2,21
global.js,108,js,5d554f45,wwroxanne219,2026-04-24,09:19:01,-07:00,2026-04-24T09:19:01-07:00,0,0
global.js,109,js,5d554f45,wwroxanne219,2026-04-24,09:19:01,-07:00,2026-04-24T09:19:01-07:00,2,36
global.js,110,js,5d554f45,wwroxanne219,2026-04-24,09:19:01,-07:00,2026-04-24T09:19:01-07:00,1,0
global.js,111,js,12312862,wwroxanne219,2026-04-17,16:32:57,-07:00,2026-04-17T16:32:57-07:00,0,0
assignments.html,1,html,f204248e,wwroxanne219,2026-04-03,16:46:23,-07:00,2026-04-03T16:46:23-07:00,0,13
assignments.html,2,html,f204248e,wwroxanne219,2026-04-03,16:46:23,-07:00,2026-04-03T16:46:23-07:00,0,14
assignments.html,3,html,f204248e,wwroxanne219,2026-04-03,16:46:23,-07:00,2026-04-03T16:46:23-07:00,0,4
assignments.html,4,html,f204248e,wwroxanne219,2026-04-03,16:46:23,-07:00,2026-04-03T16:46:23-07:00,2,20
assignments.html,5,html,f204248e,wwroxanne219,2026-04-03,16:46:23,-07:00,2026-04-03T16:46:23-07:00,2,39
assignments.html,6,html,f204248e,wwroxanne219,2026-04-03,16:46:23,-07:00,2026-04-03T16:46:23-07:00,2,38
assignments.html,7,html,f204248e,wwroxanne219,2026-04-03,16:46:23,-07:00,2026-04-03T16:46:23-07:00,0,5
assignments.html,8,html,f204248e,wwroxanne219,2026-04-03,16:46:23,-07:00,2026-04-03T16:46:23-07:00,0,4
assignments.html,9,html,f204248e,wwroxanne219,2026-04-03,16:46:23,-07:00,2026-04-03T16:46:23-07:00,2,21
assignments.html,10,html,f204248e,wwroxanne219,2026-04-03,16:46:23,-07:00,2026-04-03T16:46:23-07:00,2,51
assignments.html,11,html,f204248e,wwroxanne219,2026-04-03,16:46:23,-07:00,2026-04-03T16:46:23-07:00,0,0
assignments.html,12,html,f204248e,wwroxanne219,2026-04-03,16:46:23,-07:00,2026-04-03T16:46:23-07:00,2,2
assignments.html,13,html,f204248e,wwroxanne219,2026-04-03,16:46:23,-07:00,2026-04-03T16:46:23-07:00,4,52
assignments.html,14,html,f204248e,wwroxanne219,2026-04-03,16:46:23,-07:00,2026-04-03T16:46:23-07:00,2,3
assignments.html,15,html,f204248e,wwroxanne219,2026-04-03,16:46:23,-07:00,2026-04-03T16:46:23-07:00,0,0
assignments.html,16,html,f204248e,wwroxanne219,2026-04-03,16:46:23,-07:00,2026-04-03T16:46:23-07:00,2,44
assignments.html,17,html,f204248e,wwroxanne219,2026-04-03,16:46:23,-07:00,2026-04-03T16:46:23-07:00,0,5
assignments.html,18,html,f204248e,wwroxanne219,2026-04-03,16:46:23,-07:00,2026-04-03T16:46:23-07:00,0,5
projects/projects.js,1,js,5d554f45,wwroxanne219,2026-04-24,09:19:01,-07:00,2026-04-24T09:19:01-07:00,0,55
projects/projects.js,2,js,5d554f45,wwroxanne219,2026-04-24,09:19:01,-07:00,2026-04-24T09:19:01-07:00,0,0
projects/projects.js,3,js,6a474165,wwroxanne219,2026-04-30,15:46:11,-07:00,2026-04-30T15:46:11-07:00,0,14
projects/projects.js,4,js,6a474165,wwroxanne219,2026-04-30,15:46:11,-07:00,2026-04-30T15:46:11-07:00,0,0
projects/projects.js,5,js,5d554f45,wwroxanne219,2026-04-24,09:19:01,-07:00,2026-04-24T09:19:01-07:00,0,55
projects/projects.js,6,js,5d554f45,wwroxanne219,2026-04-24,09:19:01,-07:00,2026-04-24T09:19:01-07:00,0,0
projects/projects.js,7,js,5d554f45,wwroxanne219,2026-04-24,09:19:01,-07:00,2026-04-24T09:19:01-07:00,0,60
projects/projects.js,8,js,5d554f45,wwroxanne219,2026-04-24,09:19:01,-07:00,2026-04-24T09:19:01-07:00,0,0
projects/projects.js,9,js,6a474165,wwroxanne219,2026-04-30,15:46:11,-07:00,2026-04-30T15:46:11-07:00,0,48
projects/projects.js,10,js,6a474165,wwroxanne219,2026-04-30,15:46:11,-07:00,2026-04-30T15:46:11-07:00,0,0
projects/projects.js,11,js,6a474165,wwroxanne219,2026-04-30,15:46:11,-07:00,2026-04-30T15:46:11-07:00,0,57
projects/projects.js,12,js,6a474165,wwroxanne219,2026-04-30,15:46:11,-07:00,2026-04-30T15:46:11-07:00,0,24
projects/projects.js,13,js,6a474165,wwroxanne219,2026-04-30,15:46:11,-07:00,2026-04-30T15:46:11-07:00,0,0
projects/projects.js,14,js,6a474165,wwroxanne219,2026-04-30,15:46:11,-07:00,2026-04-30T15:46:11-07:00,0,28
projects/projects.js,15,js,6a474165,wwroxanne219,2026-04-30,15:46:11,-07:00,2026-04-30T15:46:11-07:00,1,7
projects/projects.js,16,js,6a474165,wwroxanne219,2026-04-30,15:46:11,-07:00,2026-04-30T15:46:11-07:00,1,12
projects/projects.js,17,js,6a474165,wwroxanne219,2026-04-30,15:46:11,-07:00,2026-04-30T15:46:11-07:00,1,9
projects/projects.js,18,js,6a474165,wwroxanne219,2026-04-30,15:46:11,-07:00,2026-04-30T15:46:11-07:00,0,0
projects/projects.js,19,js,6a474165,wwroxanne219,2026-04-30,15:46:11,-07:00,2026-04-30T15:46:11-07:00,0,0
projects/projects.js,20,js,6a474165,wwroxanne219,2026-04-30,15:46:11,-07:00,2026-04-30T15:46:11-07:00,0,22
projects/projects.js,21,js,6a474165,wwroxanne219,2026-04-30,15:46:11,-07:00,2026-04-30T15:46:11-07:00,0,0
projects/projects.js,22,js,6a474165,wwroxanne219,2026-04-30,15:46:11,-07:00,2026-04-30T15:46:11-07:00,0,0
projects/projects.js,23,js,6a474165,wwroxanne219,2026-04-30,15:46:11,-07:00,2026-04-30T15:46:11-07:00,0,0
projects/projects.js,24,js,6a474165,wwroxanne219,2026-04-30,15:46:11,-07:00,2026-04-30T15:46:11-07:00,0,16
projects/projects.js,25,js,6a474165,wwroxanne219,2026-04-30,15:46:11,-07:00,2026-04-30T15:46:11-07:00,0,17
projects/projects.js,26,js,6a474165,wwroxanne219,2026-04-30,15:46:11,-07:00,2026-04-30T15:46:11-07:00,0,58
projects/projects.js,27,js,6a474165,wwroxanne219,2026-04-30,15:46:11,-07:00,2026-04-30T15:46:11-07:00,0,0
projects/projects.js,28,js,6a474165,wwroxanne219,2026-04-30,15:46:11,-07:00,2026-04-30T15:46:11-07:00,0,27
projects/projects.js,29,js,6a474165,wwroxanne219,2026-04-30,15:46:11,-07:00,2026-04-30T15:46:11-07:00,1,12
projects/projects.js,30,js,6a474165,wwroxanne219,2026-04-30,15:46:11,-07:00,2026-04-30T15:46:11-07:00,1,19
projects/projects.js,31,js,6a474165,wwroxanne219,2026-04-30,15:46:11,-07:00,2026-04-30T15:46:11-07:00,1,22
projects/projects.js,32,js,6a474165,wwroxanne219,2026-04-30,15:46:11,-07:00,2026-04-30T15:46:11-07:00,0,0
projects/projects.js,33,js,6a474165,wwroxanne219,2026-04-30,15:46:11,-07:00,2026-04-30T15:46:11-07:00,0,27
projects/projects.js,34,js,6a474165,wwroxanne219,2026-04-30,15:46:11,-07:00,2026-04-30T15:46:11-07:00,1,32
projects/projects.js,35,js,6a474165,wwroxanne219,2026-04-30,15:46:11,-07:00,2026-04-30T15:46:11-07:00,1,16
projects/projects.js,36,js,6a474165,wwroxanne219,2026-04-30,15:46:11,-07:00,2026-04-30T15:46:11-07:00,1,12
projects/projects.js,37,js,6a474165,wwroxanne219,2026-04-30,15:46:11,-07:00,2026-04-30T15:46:11-07:00,0,0
projects/projects.js,38,js,6a474165,wwroxanne219,2026-04-30,15:46:11,-07:00,2026-04-30T15:46:11-07:00,0,29
projects/projects.js,39,js,6a474165,wwroxanne219,2026-04-30,15:46:11,-07:00,2026-04-30T15:46:11-07:00,1,41
projects/projects.js,40,js,6a474165,wwroxanne219,2026-04-30,15:46:11,-07:00,2026-04-30T15:46:11-07:00,1,43
projects/projects.js,41,js,6a474165,wwroxanne219,2026-04-30,15:46:11,-07:00,2026-04-30T15:46:11-07:00,0,0
projects/projects.js,42,js,6a474165,wwroxanne219,2026-04-30,15:46:11,-07:00,2026-04-30T15:46:11-07:00,0,19
projects/projects.js,43,js,6a474165,wwroxanne219,2026-04-30,15:46:11,-07:00,2026-04-30T15:46:11-07:00,1,15
projects/projects.js,44,js,6a474165,wwroxanne219,2026-04-30,15:46:11,-07:00,2026-04-30T15:46:11-07:00,1,6
projects/projects.js,45,js,6a474165,wwroxanne219,2026-04-30,15:46:11,-07:00,2026-04-30T15:46:11-07:00,1,13
projects/projects.js,46,js,6a474165,wwroxanne219,2026-04-30,15:46:11,-07:00,2026-04-30T15:46:11-07:00,1,27
projects/projects.js,47,js,6a474165,wwroxanne219,2026-04-30,15:46:11,-07:00,2026-04-30T15:46:11-07:00,1,27
projects/projects.js,48,js,6a474165,wwroxanne219,2026-04-30,15:46:11,-07:00,2026-04-30T15:46:11-07:00,1,32
projects/projects.js,49,js,6a474165,wwroxanne219,2026-04-30,15:46:11,-07:00,2026-04-30T15:46:11-07:00,1,57
projects/projects.js,50,js,6a474165,wwroxanne219,2026-04-30,15:46:11,-07:00,2026-04-30T15:46:11-07:00,1,25
projects/projects.js,51,js,6a474165,wwroxanne219,2026-04-30,15:46:11,-07:00,2026-04-30T15:46:11-07:00,0,0
projects/projects.js,52,js,6a474165,wwroxanne219,2026-04-30,15:46:11,-07:00,2026-04-30T15:46:11-07:00,0,21
projects/projects.js,53,js,6a474165,wwroxanne219,2026-04-30,15:46:11,-07:00,2026-04-30T15:46:11-07:00,1,15
projects/projects.js,54,js,6a474165,wwroxanne219,2026-04-30,15:46:11,-07:00,2026-04-30T15:46:11-07:00,1,6
projects/projects.js,55,js,6a474165,wwroxanne219,2026-04-30,15:46:11,-07:00,2026-04-30T15:46:11-07:00,1,13
projects/projects.js,56,js,6a474165,wwroxanne219,2026-04-30,15:46:11,-07:00,2026-04-30T15:46:11-07:00,1,21
projects/projects.js,57,js,6a474165,wwroxanne219,2026-04-30,15:46:11,-07:00,2026-04-30T15:46:11-07:00,1,14
projects/projects.js,58,js,6a474165,wwroxanne219,2026-04-30,15:46:11,-07:00,2026-04-30T15:46:11-07:00,1,52
projects/projects.js,59,js,6a474165,wwroxanne219,2026-04-30,15:46:11,-07:00,2026-04-30T15:46:11-07:00,1,31
projects/projects.js,60,js,6a474165,wwroxanne219,2026-04-30,15:46:11,-07:00,2026-04-30T15:46:11-07:00,1,29
projects/projects.js,61,js,6a474165,wwroxanne219,2026-04-30,15:46:11,-07:00,2026-04-30T15:46:11-07:00,0,0
projects/projects.js,62,js,6a474165,wwroxanne219,2026-04-30,15:46:11,-07:00,2026-04-30T15:46:11-07:00,0,20
projects/projects.js,63,js,6a474165,wwroxanne219,2026-04-30,15:46:11,-07:00,2026-04-30T15:46:11-07:00,1,15
projects/projects.js,64,js,6a474165,wwroxanne219,2026-04-30,15:46:11,-07:00,2026-04-30T15:46:11-07:00,1,6
projects/projects.js,65,js,6a474165,wwroxanne219,2026-04-30,15:46:11,-07:00,2026-04-30T15:46:11-07:00,1,13
projects/projects.js,66,js,6a474165,wwroxanne219,2026-04-30,15:46:11,-07:00,2026-04-30T15:46:11-07:00,1,20
projects/projects.js,67,js,6a474165,wwroxanne219,2026-04-30,15:46:11,-07:00,2026-04-30T15:46:11-07:00,1,14
projects/projects.js,68,js,6a474165,wwroxanne219,2026-04-30,15:46:11,-07:00,2026-04-30T15:46:11-07:00,1,52
projects/projects.js,69,js,6a474165,wwroxanne219,2026-04-30,15:46:11,-07:00,2026-04-30T15:46:11-07:00,1,21
projects/projects.js,70,js,6a474165,wwroxanne219,2026-04-30,15:46:11,-07:00,2026-04-30T15:46:11-07:00,1,29
projects/index.html,1,html,b84a31ed,wwroxanne219,2026-04-03,17:07:19,-07:00,2026-04-03T17:07:19-07:00,0,13
projects/index.html,2,html,b84a31ed,wwroxanne219,2026-04-03,17:07:19,-07:00,2026-04-03T17:07:19-07:00,0,14
projects/index.html,3,html,b84a31ed,wwroxanne219,2026-04-03,17:07:19,-07:00,2026-04-03T17:07:19-07:00,0,4
projects/index.html,4,html,b84a31ed,wwroxanne219,2026-04-03,17:07:19,-07:00,2026-04-03T17:07:19-07:00,2,20
projects/index.html,5,html,b84a31ed,wwroxanne219,2026-04-03,17:07:19,-07:00,2026-04-03T17:07:19-07:00,2,36
projects/index.html,6,html,b84a31ed,wwroxanne219,2026-04-03,17:07:19,-07:00,2026-04-03T17:07:19-07:00,2,41
projects/index.html,7,html,b84a31ed,wwroxanne219,2026-04-03,17:07:19,-07:00,2026-04-03T17:07:19-07:00,0,5
projects/index.html,8,html,b84a31ed,wwroxanne219,2026-04-03,17:07:19,-07:00,2026-04-03T17:07:19-07:00,0,4
projects/index.html,9,html,12312862,wwroxanne219,2026-04-17,16:32:57,-07:00,2026-04-17T16:32:57-07:00,2,0
projects/index.html,10,html,b84a31ed,wwroxanne219,2026-04-03,17:07:19,-07:00,2026-04-03T17:07:19-07:00,0,0
projects/index.html,11,html,b84a31ed,wwroxanne219,2026-04-03,17:07:19,-07:00,2026-04-03T17:07:19-07:00,2,18
projects/index.html,12,html,5d554f45,wwroxanne219,2026-04-24,09:19:01,-07:00,2026-04-24T09:19:01-07:00,2,26
projects/index.html,13,html,b84a31ed,wwroxanne219,2026-04-03,17:07:19,-07:00,2026-04-03T17:07:19-07:00,2,51
projects/index.html,14,html,12312862,wwroxanne219,2026-04-17,16:32:57,-07:00,2026-04-17T16:32:57-07:00,2,48
projects/index.html,15,html,6a474165,wwroxanne219,2026-04-30,15:46:11,-07:00,2026-04-30T15:46:11-07:00,2,51
projects/index.html,16,html,5d554f45,wwroxanne219,2026-04-24,09:19:01,-07:00,2026-04-24T09:19:01-07:00,2,47
projects/index.html,17,html,b84a31ed,wwroxanne219,2026-04-03,17:07:19,-07:00,2026-04-03T17:07:19-07:00,0,5
projects/index.html,18,html,5d554f45,wwroxanne219,2026-04-24,09:19:01,-07:00,2026-04-24T09:19:01-07:00,0,5
projects/index.html,19,html,5d554f45,wwroxanne219,2026-04-24,09:19:01,-07:00,2026-04-24T09:19:01-07:00,0,0
cv/index.html,1,html,eeb5e128,wwroxanne219,2026-04-03,17:19:56,-07:00,2026-04-03T17:19:56-07:00,0,13
cv/index.html,2,html,eeb5e128,wwroxanne219,2026-04-03,17:19:56,-07:00,2026-04-03T17:19:56-07:00,0,14
cv/index.html,3,html,eeb5e128,wwroxanne219,2026-04-03,17:19:56,-07:00,2026-04-03T17:19:56-07:00,0,4
cv/index.html,4,html,eeb5e128,wwroxanne219,2026-04-03,17:19:56,-07:00,2026-04-03T17:19:56-07:00,2,20
cv/index.html,5,html,eeb5e128,wwroxanne219,2026-04-03,17:19:56,-07:00,2026-04-03T17:19:56-07:00,2,30
cv/index.html,6,html,eeb5e128,wwroxanne219,2026-04-03,17:19:56,-07:00,2026-04-03T17:19:56-07:00,2,41
cv/index.html,7,html,eeb5e128,wwroxanne219,2026-04-03,17:19:56,-07:00,2026-04-03T17:19:56-07:00,0,5
cv/index.html,8,html,eeb5e128,wwroxanne219,2026-04-03,17:19:56,-07:00,2026-04-03T17:19:56-07:00,0,4
cv/index.html,9,html,12312862,wwroxanne219,2026-04-17,16:32:57,-07:00,2026-04-17T16:32:57-07:00,2,0
cv/index.html,10,html,eeb5e128,wwroxanne219,2026-04-03,17:19:56,-07:00,2026-04-03T17:19:56-07:00,0,0
cv/index.html,11,html,eeb5e128,wwroxanne219,2026-04-03,17:19:56,-07:00,2026-04-03T17:19:56-07:00,2,23
cv/index.html,12,html,eeb5e128,wwroxanne219,2026-04-03,17:19:56,-07:00,2026-04-03T17:19:56-07:00,2,7
cv/index.html,13,html,eeb5e128,wwroxanne219,2026-04-03,17:19:56,-07:00,2026-04-03T17:19:56-07:00,4,16
cv/index.html,14,html,eeb5e128,wwroxanne219,2026-04-03,17:19:56,-07:00,2026-04-03T17:19:56-07:00,4,7
cv/index.html,15,html,eeb5e128,wwroxanne219,2026-04-03,17:19:56,-07:00,2026-04-03T17:19:56-07:00,6,42
cv/index.html,16,html,eeb5e128,wwroxanne219,2026-04-03,17:19:56,-07:00,2026-04-03T17:19:56-07:00,6,25
cv/index.html,17,html,eeb5e128,wwroxanne219,2026-04-03,17:19:56,-07:00,2026-04-03T17:19:56-07:00,6,61
cv/index.html,18,html,eeb5e128,wwroxanne219,2026-04-03,17:19:56,-07:00,2026-04-03T17:19:56-07:00,4,8
cv/index.html,19,html,eeb5e128,wwroxanne219,2026-04-03,17:19:56,-07:00,2026-04-03T17:19:56-07:00,2,8
cv/index.html,20,html,eeb5e128,wwroxanne219,2026-04-03,17:19:56,-07:00,2026-04-03T17:19:56-07:00,2,7
cv/index.html,21,html,eeb5e128,wwroxanne219,2026-04-03,17:19:56,-07:00,2026-04-03T17:19:56-07:00,4,26
cv/index.html,22,html,eeb5e128,wwroxanne219,2026-04-03,17:19:56,-07:00,2026-04-03T17:19:56-07:00,4,7
cv/index.html,23,html,eeb5e128,wwroxanne219,2026-04-03,17:19:56,-07:00,2026-04-03T17:19:56-07:00,6,26
cv/index.html,24,html,eeb5e128,wwroxanne219,2026-04-03,17:19:56,-07:00,2026-04-03T17:19:56-07:00,6,2
cv/index.html,25,html,eeb5e128,wwroxanne219,2026-04-03,17:19:56,-07:00,2026-04-03T17:19:56-07:00,8,55
cv/index.html,26,html,eeb5e128,wwroxanne219,2026-04-03,17:19:56,-07:00,2026-04-03T17:19:56-07:00,8,55
cv/index.html,27,html,eeb5e128,wwroxanne219,2026-04-03,17:19:56,-07:00,2026-04-03T17:19:56-07:00,6,3
cv/index.html,28,html,eeb5e128,wwroxanne219,2026-04-03,17:19:56,-07:00,2026-04-03T17:19:56-07:00,4,8
cv/index.html,29,html,eeb5e128,wwroxanne219,2026-04-03,17:19:56,-07:00,2026-04-03T17:19:56-07:00,4,0
cv/index.html,30,html,eeb5e128,wwroxanne219,2026-04-03,17:19:56,-07:00,2026-04-03T17:19:56-07:00,4,7
cv/index.html,31,html,eeb5e128,wwroxanne219,2026-04-03,17:19:56,-07:00,2026-04-03T17:19:56-07:00,6,23
cv/index.html,32,html,eeb5e128,wwroxanne219,2026-04-03,17:19:56,-07:00,2026-04-03T17:19:56-07:00,6,36
cv/index.html,33,html,eeb5e128,wwroxanne219,2026-04-03,17:19:56,-07:00,2026-04-03T17:19:56-07:00,4,8
cv/index.html,34,html,eeb5e128,wwroxanne219,2026-04-03,17:19:56,-07:00,2026-04-03T17:19:56-07:00,2,8
cv/index.html,35,html,12312862,wwroxanne219,2026-04-17,16:32:57,-07:00,2026-04-17T16:32:57-07:00,2,48
cv/index.html,36,html,eeb5e128,wwroxanne219,2026-04-03,17:19:56,-07:00,2026-04-03T17:19:56-07:00,0,5
cv/index.html,37,html,eeb5e128,wwroxanne219,2026-04-03,17:19:56,-07:00,2026-04-03T17:19:56-07:00,0,5
contact/index.html,1,html,b84a31ed,wwroxanne219,2026-04-03,17:07:19,-07:00,2026-04-03T17:07:19-07:00,0,13
contact/index.html,2,html,b84a31ed,wwroxanne219,2026-04-03,17:07:19,-07:00,2026-04-03T17:07:19-07:00,0,14
contact/index.html,3,html,b84a31ed,wwroxanne219,2026-04-03,17:07:19,-07:00,2026-04-03T17:07:19-07:00,0,4
contact/index.html,4,html,b84a31ed,wwroxanne219,2026-04-03,17:07:19,-07:00,2026-04-03T17:07:19-07:00,2,20
contact/index.html,5,html,b84a31ed,wwroxanne219,2026-04-03,17:07:19,-07:00,2026-04-03T17:07:19-07:00,2,35
contact/index.html,6,html,b84a31ed,wwroxanne219,2026-04-03,17:07:19,-07:00,2026-04-03T17:07:19-07:00,2,41
contact/index.html,7,html,03db43af,wwroxanne219,2026-04-04,17:27:23,-07:00,2026-04-04T17:27:23-07:00,0,0
contact/index.html,8,html,b84a31ed,wwroxanne219,2026-04-03,17:07:19,-07:00,2026-04-03T17:07:19-07:00,0,5
contact/index.html,9,html,b84a31ed,wwroxanne219,2026-04-03,17:07:19,-07:00,2026-04-03T17:07:19-07:00,0,4
contact/index.html,10,html,eeb5e128,wwroxanne219,2026-04-03,17:19:56,-07:00,2026-04-03T17:19:56-07:00,0,0
contact/index.html,11,html,12312862,wwroxanne219,2026-04-17,16:32:57,-07:00,2026-04-17T16:32:57-07:00,2,0
contact/index.html,12,html,b84a31ed,wwroxanne219,2026-04-03,17:07:19,-07:00,2026-04-03T17:07:19-07:00,0,0
contact/index.html,13,html,b84a31ed,wwroxanne219,2026-04-03,17:07:19,-07:00,2026-04-03T17:07:19-07:00,2,17
contact/index.html,14,html,03db43af,wwroxanne219,2026-04-04,17:27:23,-07:00,2026-04-04T17:27:23-07:00,0,0
contact/index.html,15,html,03db43af,wwroxanne219,2026-04-04,17:27:23,-07:00,2026-04-04T17:27:23-07:00,2,71
contact/index.html,16,html,03db43af,wwroxanne219,2026-04-04,17:27:23,-07:00,2026-04-04T17:27:23-07:00,4,0
contact/index.html,17,html,03db43af,wwroxanne219,2026-04-04,17:27:23,-07:00,2026-04-04T17:27:23-07:00,4,5
contact/index.html,18,html,03db43af,wwroxanne219,2026-04-04,17:27:23,-07:00,2026-04-04T17:27:23-07:00,6,9
contact/index.html,19,html,03db43af,wwroxanne219,2026-04-04,17:27:23,-07:00,2026-04-04T17:27:23-07:00,6,71
contact/index.html,20,html,03db43af,wwroxanne219,2026-04-04,17:27:23,-07:00,2026-04-04T17:27:23-07:00,4,6
contact/index.html,21,html,03db43af,wwroxanne219,2026-04-04,17:27:23,-07:00,2026-04-04T17:27:23-07:00,4,6
contact/index.html,22,html,03db43af,wwroxanne219,2026-04-04,17:27:23,-07:00,2026-04-04T17:27:23-07:00,0,0
contact/index.html,23,html,03db43af,wwroxanne219,2026-04-04,17:27:23,-07:00,2026-04-04T17:27:23-07:00,4,5
contact/index.html,24,html,03db43af,wwroxanne219,2026-04-04,17:27:23,-07:00,2026-04-04T17:27:23-07:00,6,6
contact/index.html,25,html,03db43af,wwroxanne219,2026-04-04,17:27:23,-07:00,2026-04-04T17:27:23-07:00,6,67
contact/index.html,26,html,03db43af,wwroxanne219,2026-04-04,17:27:23,-07:00,2026-04-04T17:27:23-07:00,4,6
contact/index.html,27,html,03db43af,wwroxanne219,2026-04-04,17:27:23,-07:00,2026-04-04T17:27:23-07:00,4,6
contact/index.html,28,html,03db43af,wwroxanne219,2026-04-04,17:27:23,-07:00,2026-04-04T17:27:23-07:00,0,0
contact/index.html,29,html,03db43af,wwroxanne219,2026-04-04,17:27:23,-07:00,2026-04-04T17:27:23-07:00,4,5
contact/index.html,30,html,03db43af,wwroxanne219,2026-04-04,17:27:23,-07:00,2026-04-04T17:27:23-07:00,6,6
contact/index.html,31,html,03db43af,wwroxanne219,2026-04-04,17:27:23,-07:00,2026-04-04T17:27:23-07:00,6,2
contact/index.html,32,html,03db43af,wwroxanne219,2026-04-04,17:27:23,-07:00,2026-04-04T17:27:23-07:00,6,75
contact/index.html,33,html,03db43af,wwroxanne219,2026-04-04,17:27:23,-07:00,2026-04-04T17:27:23-07:00,4,6
contact/index.html,34,html,03db43af,wwroxanne219,2026-04-04,17:27:23,-07:00,2026-04-04T17:27:23-07:00,4,6
contact/index.html,35,html,03db43af,wwroxanne219,2026-04-04,17:27:23,-07:00,2026-04-04T17:27:23-07:00,0,0
contact/index.html,36,html,b84a31ed,wwroxanne219,2026-04-03,17:07:19,-07:00,2026-04-03T17:07:19-07:00,4,41
contact/index.html,37,html,b84a31ed,wwroxanne219,2026-04-03,17:07:19,-07:00,2026-04-03T17:07:19-07:00,2,5
contact/index.html,38,html,03db43af,wwroxanne219,2026-04-04,17:27:23,-07:00,2026-04-04T17:27:23-07:00,0,0
contact/index.html,39,html,03db43af,wwroxanne219,2026-04-04,17:27:23,-07:00,2026-04-04T17:27:23-07:00,2,37
contact/index.html,40,html,12312862,wwroxanne219,2026-04-17,16:32:57,-07:00,2026-04-17T16:32:57-07:00,2,48
contact/index.html,41,html,b84a31ed,wwroxanne219,2026-04-03,17:07:19,-07:00,2026-04-03T17:07:19-07:00,0,5
contact/index.html,42,html,b84a31ed,wwroxanne219,2026-04-03,17:07:19,-07:00,2026-04-03T17:07:19-07:00,0,5
